{
  "project_info": {
    "project_number": "901158144171",
    "project_id": "psel-1f568",
    "storage_bucket": "psel-1f568.appspot.com"
  },
  "client": [
    {
      "client_info": {
        "mobilesdk_app_id": "1:901158144171:android:1a5fde88c6db22ec71cfee",
        "android_client_info": {
          "package_name": "PSEL.tag.trainer.android"
        }
      },
      "oauth_client": [],
      "api_key": [
        {
          "current_key": "AIzaSyBVTZhm65u5mW4l1NiArIKRc8RH-LnBFvk"
        }
      ],
      "services": {
        "appinvite_service": {
          "other_platform_oauth_client": []
        }
      }
    }
  ],
  "configuration_version": "1"
}